"","dataset1.csv","dataset2.csv","dataset3.csv","dataset4.csv","dataset5.csv"
"Forward",3,6,2,6,6
"Ridge",1.51991108295293,18.7381742286039,6.13590727341316,0.657933224657568,4.64158883361277
"Lasso",0.123284673944206,0.497702356433211,0.376493580679247,0.215443469003188,0.162975083462064
"PCR",3,10,9,10,5
